Model,Training Accuracy,Testin Accuracy,Gap,Precision,Recall,F1 Score
RandomForest,0.89,0.8433333333333334,0.046666666666666634,0.8439578279787819,0.8433333333333334,0.8431327118508865
LogisticRegression,0.878125,0.8658333333333333,0.0122916666666667,0.8663706440271047,0.8658333333333333,0.8655916417832747
SVM,0.8825,0.8658333333333333,0.016666666666666607,0.866703763778615,0.8658333333333333,0.8656329184100279
